price,rating,stock_availability,title
£51.77,Three,In stock,A Light in the ...
£53.74,One,In stock,Tipping the Velvet
£50.10,One,In stock,Soumission
£47.82,Four,In stock,Sharp Objects
£54.23,Five,In stock,Sapiens: A Brief History ...
£22.65,One,In stock,The Requiem Red
£33.34,Four,In stock,The Dirty Little Secrets ...
£17.93,Three,In stock,The Coming Woman: A ...
£22.60,Four,In stock,The Boys in the ...
£52.15,One,In stock,The Black Maria
£13.99,Two,In stock,Starving Hearts (Triangular Trade ...
£20.66,Four,In stock,Shakespeare's Sonnets
£17.46,Five,In stock,Set Me Free
£52.29,Five,In stock,Scott Pilgrim's Precious Little ...
£35.02,Five,In stock,Rip it Up and ...
£57.25,Three,In stock,Our Band Could Be ...
£23.88,One,In stock,Olio
£37.59,One,In stock,Mesaerion: The Best Science ...
£51.33,Two,In stock,Libertarianism for Beginners
£45.17,Two,In stock,It's Only the Himalayas
£12.84,One,In stock,In Her Wake
£37.32,Two,In stock,How Music Works
£30.52,Three,In stock,Foolproof Preserving: A Guide ...
£25.27,Five,In stock,Chase Me (Paris Nights ...
£34.53,Five,In stock,Black Dust
£54.64,Three,In stock,Birdsong: A Story in ...
£22.50,Three,In stock,America's Cradle of Quarterbacks: ...
£53.13,Three,In stock,Aladdin and His Wonderful ...
£40.30,Five,In stock,Worlds Elsewhere: Journeys Around ...
£44.18,Four,In stock,Wall and Piece
£17.66,Five,In stock,The Four Agreements: A ...
£31.05,Three,In stock,The Five Love Languages: ...
£23.82,Five,In stock,The Elephant Tree
£36.89,One,In stock,The Bear and the ...
£15.94,Five,In stock,Sophie's World
£33.29,Three,In stock,Penny Maybe
£18.02,Two,In stock,Maude (1883-1993):She Grew Up ...
£19.63,One,In stock,"In a Dark, Dark ..."
£52.22,Four,In stock,Behind Closed Doors
£33.63,Two,In stock,You can't bury them ...
£57.31,Three,In stock,Slow States of Collapse: ...
£26.41,Two,In stock,Reasons to Stay Alive
£47.61,Five,In stock,Private Paris (Private #10)
£23.11,Five,In stock,#HigherSelfie: Wake Up Your ...
£45.07,Two,In stock,Without Borders (Wanderlove #1)
£31.77,One,In stock,When We Collided
£50.27,Five,In stock,"We Love You, Charlie ..."
£14.27,Four,In stock,Untitled Collection: Sabbath Poems ...
£44.18,Four,In stock,Unseen City: The Majesty ...
£18.78,Three,In stock,Unicorn Tracks
£25.52,One,In stock,Unbound: How Eight Technologies ...
£16.28,One,In stock,Tsubasa: WoRLD CHRoNiCLE 2 ...
£31.12,Three,In stock,Throwing Rocks at the ...
£19.49,Four,In stock,This One Summer
£17.27,Five,In stock,Thirst
£19.09,One,In stock,The Torch Is Passed: ...
£56.13,One,In stock,The Secret of Dreadwillow ...
£56.41,One,In stock,The Pioneer Woman Cooks: ...
£56.50,Four,In stock,The Past Never Ends
£45.22,Three,In stock,The Natural History of ...
£38.16,Four,In stock,The Nameless City (The ...
£54.11,Three,In stock,The Murder That Never ...
£42.96,Four,In stock,The Most Perfect Thing: ...
£23.89,Four,In stock,The Mindfulness and Acceptance ...
£16.77,Three,In stock,The Life-Changing Magic of ...
£20.59,Five,In stock,The Inefficiency Assassin: Time ...
£37.13,One,In stock,The Gutsy Girl: Escapades ...
£56.06,One,In stock,The Electric Pencil: Drawings ...
£58.11,Four,In stock,The Death of Humanity: ...
£49.05,Three,In stock,The Bulletproof Diet: Lose ...
£40.76,Three,In stock,The Art Forger
£19.73,One,In stock,The Age of Genius: ...
£32.24,Five,In stock,The Activist's Tao Te ...
£41.83,Four,In stock,Spark Joy: An Illustrated ...
£39.58,Two,In stock,Soul Reader
£39.25,Two,In stock,Security
£25.02,Three,In stock,"Saga, Volume 6 (Saga ..."
£51.04,Two,In stock,"Saga, Volume 5 (Saga ..."
£19.83,Two,In stock,Reskilling America: Learning to ...
£50.40,Three,In stock,"Rat Queens, Vol. 3: ..."
£13.61,Five,In stock,"Princess Jellyfish 2-in-1 Omnibus, ..."
£13.34,Five,In stock,Princess Between Worlds (Wide-Awake ...
£18.97,One,In stock,"Pop Gun War, Volume ..."
£36.28,Two,In stock,"Political Suicide: Missteps, Peccadilloes, ..."
£10.16,Three,In stock,Patience
£15.44,Four,In stock,"Outcast, Vol. 1: A ..."
£48.41,One,In stock,orange: The Complete Collection ...
£46.35,One,In stock,Online Marketing for Busy ...
£14.07,Three,In stock,On a Midnight Clear
£14.86,Two,In stock,Obsidian (Lux #1)
£33.37,Two,In stock,My Paris Kitchen: Recipes ...
£56.40,Two,In stock,Masks and Shadows
£14.02,Four,In stock,Mama Tried: Traditional Italian ...
£46.91,Two,In stock,"Lumberjanes, Vol. 2: Friendship ..."
£45.61,Three,In stock,"Lumberjanes, Vol. 1: Beware ..."
£19.92,Two,In stock,Lumberjanes Vol. 3: A ...
£40.11,One,In stock,"Layered: Baking, Building, and ..."
£53.90,Two,In stock,Judo: Seven Steps to ...
£35.67,Five,In stock,Join
£22.00,Four,In stock,In the Country We ...
£57.36,Five,In stock,Immunity: How Elie Metchnikoff ...
£29.17,Two,In stock,"I Hate Fairyland, Vol. ..."
£54.63,Three,In stock,I am a Hero ...
£46.03,One,In stock,How to Be Miserable: ...
£33.97,One,In stock,Her Backup Boyfriend (The ...
£22.11,Two,In stock,"Giant Days, Vol. 2 ..."
£29.69,Three,In stock,Forever and Forever: The ...
£15.97,Four,In stock,First and First (Five ...
£21.96,One,In stock,Fifty Shades Darker (Fifty ...
£54.35,Two,In stock,Everydata: The Misinformation Hidden ...
£37.97,Two,In stock,Don't Be a Jerk: ...
£51.99,Four,In stock,Danganronpa Volume 1
£43.29,Three,In stock,Crown of Midnight (Throne ...
£36.72,Four,In stock,"Codename Baboushka, Volume 1: ..."
£17.08,Four,In stock,Camp Midnight
£29.14,Five,In stock,Call the Nurse: True ...
£28.81,Three,In stock,Burning
£49.46,Two,In stock,Bossypants
£37.92,Two,In stock,"Bitch Planet, Vol. 1: ..."
£28.09,Two,In stock,Avatar: The Last Airbender: ...
£30.81,One,In stock,Algorithms to Live By: ...
£42.95,One,In stock,A World of Flavor: ...
£56.76,Five,In stock,"A Piece of Sky, ..."
£16.64,One,In stock,A Murder in Time
£55.53,Five,In stock,A Flight of Arrows ...
£28.13,Four,In stock,A Fierce and Subtle ...
£52.37,One,In stock,A Court of Thorns ...
£54.00,Five,In stock,(Un)Qualified: How God Uses ...
£21.87,Four,In stock,You Are What You ...
£43.30,Four,In stock,William Shakespeare's Star Wars: ...
£21.04,Two,In stock,Tuesday Nights in 1980
£41.60,Three,In stock,Tracing Numbers on a ...
£35.07,Three,In stock,Throne of Glass (Throne ...
£59.64,One,In stock,Thomas Jefferson and the ...
£52.72,One,In stock,Thirteen Reasons Why
£58.08,Four,In stock,The White Cat and ...
£24.12,One,In stock,The Wedding Dress
£42.15,Four,In stock,The Vacationers
£12.61,Five,In stock,The Third Wave: An ...
£17.44,Four,In stock,The Stranger
£33.14,One,In stock,The Shadow Hero (The ...
£27.37,Four,In stock,The Secret (The Secret ...
£51.36,Five,In stock,The Regional Office Is ...
£36.00,Two,In stock,The Psychopath Test: A ...
£10.65,One,In stock,The Project
£43.54,Two,In stock,The Power of Now: ...
£38.21,Two,In stock,The Omnivore's Dilemma: A ...
£37.34,Five,In stock,The Nerdy Nummies Cookbook: ...
£44.10,Four,In stock,The Murder of Roger ...
£43.29,Three,In stock,The Mistake (Off-Campus #2)
£55.85,One,In stock,The Matchmaker's Playbook (Wingmen ...
£37.60,Two,In stock,The Love and Lemons ...
£10.97,One,In stock,The Long Shadow of ...
£41.82,Four,In stock,The Kite Runner
£36.95,One,In stock,The House by the ...
£44.28,One,In stock,The Glittering Court (The ...
£55.02,Two,In stock,The Girl on the ...
£17.24,One,In stock,The Genius of Birds
£23.15,Two,In stock,The Emerald Mystery
£41.25,One,In stock,The Cookies & Cups ...
£32.00,Three,In stock,The Bridge to Consciousness: ...
£38.49,Five,In stock,The Artist's Way: A ...
£33.34,Five,In stock,The Art of War
£10.93,Two,In stock,The Argonauts
£27.55,Three,In stock,The 10% Entrepreneur: Live ...
£55.99,Two,In stock,Suddenly in Love (Lake ...
£16.24,Four,In stock,Something More Than This
£26.12,Two,In stock,Soft Apocalypse
£12.23,Two,In stock,So You've Been Publicly ...
£23.99,Two,In stock,Shoe Dog: A Memoir ...
£29.06,Three,In stock,"Shobu Samurai, Project Aryoku ..."
£20.27,One,In stock,Secrets and Lace (Fatal ...
£43.55,Five,In stock,Scarlett Epstein Hates It ...
£36.94,One,In stock,Romero and Juliet: A ...
£20.47,Five,In stock,Redeeming Love
£41.06,One,In stock,Poses for Artists Volume ...
£14.19,Four,In stock,Poems That Make Grown ...
£38.28,One,In stock,"Nightingale, Sing"
£41.05,One,In stock,Night Sky with Exit ...
£30.25,Five,In stock,Mrs. Houdini
£28.26,Five,In stock,Modern Romance
£10.76,One,In stock,Miss Peregrine’s Home for ...
£16.85,Two,In stock,Louisa: The Extraordinary Life ...
£13.47,Three,In stock,Little Red
£48.56,Five,In stock,Library of Souls (Miss ...
£19.15,Two,In stock,Large Print Heart of ...
£57.36,Four,In stock,I Had a Nice ...
£42.98,One,In stock,Hollow City (Miss Peregrine’s ...
£22.16,Two,In stock,Grumbles
£49.43,Four,In stock,Full Moon over Noah’s ...
£29.99,Five,In stock,Frostbite (Vampire Academy #2)
£21.36,One,In stock,Follow You Home
£29.00,One,In stock,First Steps for New ...
£53.53,Five,In stock,Finders Keepers (Bill Hodges ...
£41.62,Four,In stock,"Fables, Vol. 1: Legends ..."
£54.59,Four,In stock,Eureka Trivia 6.0
£34.95,Four,In stock,Drive: The Surprising Truth ...
£37.72,Five,In stock,Done Rubbed Out (Reightman ...
£35.61,Three,In stock,Doing It Over (Most ...
£42.16,Three,In stock,Deliciously Ella Every Day: ...
£19.19,Five,In stock,Dark Notes
£19.43,Three,In stock,Daring Greatly: How the ...
£49.46,Four,In stock,Close to You
£37.80,Two,In stock,Chasing Heaven: What Dying ...
£30.80,Three,In stock,Big Magic: Creative Living ...
£27.43,Two,In stock,Becoming Wise: An Inquiry ...
£11.11,Two,In stock,Beauty Restored (Riley Family ...
£36.50,Two,In stock,Batman: The Long Halloween ...
£15.38,Five,In stock,Batman: The Dark Knight ...
£15.48,Two,In stock,Ayumi's Violin
£46.82,Four,In stock,Anonymous
£18.46,Three,In stock,Amy Meets the Saints ...
£36.58,One,In stock,Amid the Chaos
£50.54,Five,In stock,Amatus
£12.51,Five,In stock,Agnostic: A Spirited Manifesto
£24.70,Three,In stock,Zealot: The Life and ...
£43.61,Five,In stock,You (You #1)
£37.34,Four,In stock,"Wonder Woman: Earth One, ..."
£14.36,Two,In stock,Wild Swans
£52.65,Four,In stock,Why the Right Went ...
£38.20,Four,In stock,Whole Lotta Creativity Going ...
£19.60,Two,In stock,What's It Like in ...
£53.90,One,In stock,"We Are Robin, Vol. ..."
£12.96,Five,In stock,Walt Disney's Alice in ...
£37.10,Four,In stock,V for Vendetta (V ...
£46.31,Two,In stock,Until Friday Night (The ...
£45.95,Two,In stock,Unbroken: A World War ...
£22.08,Two,In stock,Twenty Yawns
£25.38,Two,In stock,Through the Woods
£27.12,Two,In stock,This Is Where It ...
£43.04,Two,In stock,The Year of Magical ...
£56.80,Four,In stock,The Wright Brothers
£25.91,Five,In stock,The White Queen (The ...
£32.61,Three,In stock,The Wedding Pact (The ...
£27.88,Five,In stock,The Time Keeper
£52.67,Four,In stock,The Testament of Mary
£46.02,Five,In stock,The Star-Touched Queen
£44.48,Five,In stock,The Songs of the ...
£37.40,Five,In stock,The Song of Achilles
£54.04,One,In stock,The Rosie Project (Don ...
£16.88,Three,In stock,The Power of Habit: ...
£28.08,Four,In stock,The Marriage of Opposites
£10.40,One,In stock,The Lucifer Effect: Understanding ...
£44.07,One,In stock,The Long Haul (Diary ...
£23.40,One,In stock,The Loney
£17.43,Three,In stock,The Literature Book (Big ...
£54.21,Two,In stock,The Last Mile (Amos ...
£40.67,Two,In stock,The Immortal Life of ...
£52.26,Two,In stock,The Hidden Oracle (The ...
£28.77,Three,In stock,The Help Yourself Cookbook ...
£13.82,Two,In stock,The Guilty (Will Robie ...
£25.85,Three,In stock,The First Hostage (J.B. ...
£48.78,One,In stock,The Dovekeepers
£35.35,Five,In stock,The Darkest Lie
£44.73,Four,In stock,The Bane Chronicles (The ...
£15.77,One,In stock,The Bad-Ass Librarians of ...
£39.24,One,In stock,The 14th Colony (Cotton ...
£13.92,One,In stock,That Darkness (Gardiner and ...
£10.69,One,In stock,Tastes Like Fear (DI ...
£45.21,Three,In stock,Take Me with You
£45.58,One,In stock,Swell: A Year of ...
£11.89,Five,In stock,Superman Vol. 1: Before ...
£26.41,Three,In stock,Still Life with Bread ...
£39.50,Five,In stock,Steve Jobs
£44.74,Four,In stock,Sorting the Beef from ...
£52.79,Five,In stock,Someone Like You (The ...
£35.43,Four,In stock,"So Cute It Hurts!!, ..."
£55.84,Four,In stock,Shtum
£48.87,Three,In stock,See America: A Celebration ...
£46.78,Four,In stock,salt.
£47.82,Three,In stock,Robin War
£25.48,Two,In stock,"Red Hood/Arsenal, Vol. 1: ..."
£23.57,Three,In stock,Rain Fish
£50.89,Five,In stock,Quarter Life Poetry: Poems ...
£10.56,Three,In stock,Pet Sematary
£52.15,Three,In stock,"Overload: How to Unplug, ..."
£18.28,Two,In stock,Once Was a Time
£11.83,Five,In stock,Old School (Diary of ...
£21.95,Two,In stock,No Dream Is Too ...
£38.39,Two,In stock,"Naruto (3-in-1 Edition), Vol. ..."
£41.56,One,In stock,My Name Is Lucy ...
£24.48,Three,In stock,My Mrs. Brown
£40.36,One,In stock,My Kind of Crazy
£28.90,One,In stock,Mr. Mercedes (Bill Hodges ...
£37.61,Two,In stock,More Than Music (Chasing ...
£38.85,Five,In stock,Made to Stick: Why ...
£53.95,Three,In stock,Luis Paints the World
£49.83,Three,In stock,Luckiest Girl Alive
£51.51,Two,In stock,Lowriders to the Center ...
£18.03,One,In stock,Love Is a Mix ...
£29.14,Five,In stock,Looking for Lovely: Collecting ...
£46.91,Four,In stock,Living Leadership by Insight: ...
£26.79,Five,In stock,Let It Out: A ...
£16.28,Five,In stock,Lady Midnight (The Dark ...
£19.55,One,In stock,"It's All Easy: Healthy, ..."
£29.65,One,In stock,Island of Dragons (Unwanteds ...
£25.98,Four,In stock,I Know What I'm ...
£10.60,Four,In stock,I Am Pilgrim (Pilgrim ...
£14.75,Five,In stock,Hyperbole and a Half: ...
£47.02,Three,In stock,"Hush, Hush (Hush, Hush ..."
£28.82,One,In stock,Hold Your Breath (Search ...
£58.79,Three,In stock,Hamilton: The Revolution
£10.23,Five,In stock,Greek Mythic History
£30.03,Five,In stock,God: The Most Unpleasant ...
£45.84,Three,In stock,Glory over Everything: Beyond ...
£49.05,Three,In stock,Feathers: Displays of Brilliant ...
£15.06,Four,In stock,Far & Away: Places ...
£46.47,Three,In stock,Every Last Word
£27.09,Three,In stock,Eligible (The Austen Project ...
£57.62,Five,In stock,El Deafo
£14.39,Four,In stock,Eight Hundred Grapes
£51.75,Five,In stock,Eaternity: More than 150 ...
£54.07,Two,In stock,"Eat Fat, Get Thin"
£55.35,One,In stock,Don't Get Caught
£40.12,Two,In stock,Doctor Sleep (The Shining ...
£37.51,Five,In stock,Demigods & Magicians: Percy ...
£11.21,Five,In stock,Dear Mr. Knightley
£36.58,One,In stock,Daily Fantasy Sports
£47.72,Two,In stock,Crazy Love: Overwhelmed by ...
£25.01,Three,In stock,Cometh the Hour (The ...
£22.13,Four,In stock,Code Name Verity (Code ...
£44.14,One,In stock,Clockwork Angel (The Infernal ...
£56.02,Four,In stock,City of Glass (The ...
£11.23,Four,In stock,City of Fallen Angels ...
£43.28,One,In stock,City of Bones (The ...
£47.27,One,In stock,City of Ashes (The ...
£20.29,Four,In stock,Cell
£50.83,Three,In stock,Catching Jordan (Hundred Oaks)
£31.85,Three,In stock,"Carry On, Warrior: Thoughts ..."
£46.23,Two,In stock,Carrie
£37.80,Four,In stock,Buying In: The Secret ...
£49.32,Five,In stock,Brain on Fire: My ...
£32.01,Two,In stock,Batman: Europa
£28.01,One,In stock,Barefoot Contessa Back to ...
£50.62,Five,In stock,Barefoot Contessa at Home: ...
£17.03,Three,In stock,Balloon Animals
£48.80,Three,In stock,Art Ops Vol. 1
£58.14,Four,In stock,Aristotle and Dante Discover ...
£34.20,Two,In stock,Angels Walking (Angels Walking ...
£51.48,Three,In stock,Angels & Demons (Robert ...
£29.87,Five,In stock,All the Light We ...
£10.90,Two,In stock,Adulthood Is a Myth: ...
£56.37,Five,In stock,Abstract City
£48.35,Five,In stock,A Time of Torment ...
£16.73,Two,In stock,A Study in Scarlet ...
£56.48,Two,In stock,A Series of Catastrophes ...
£40.79,Two,In stock,A People's History of ...
£39.72,One,In stock,A Man Called Ove
£14.58,Three,In stock,A Distant Mirror: The ...
£55.51,One,In stock,A Brush of Wings ...
£21.80,Three,In stock,1491: New Revelations of ...
£13.33,Three,In stock,"The Three Searches, Meaning, ..."
£38.73,One,In stock,Searching for Meaning in ...
£37.86,Four,In stock,Rook
£11.53,Two,In stock,My Kitchen Year: 136 ...
£27.06,One,In stock,13 Hours: The Inside ...
£13.86,Three,In stock,Will You Won't You ...
£37.55,One,In stock,Tipping Point for Planet ...
£32.30,Five,In stock,The Star-Touched Queen
£46.29,Five,In stock,The Silent Sister (Riley ...
£26.20,One,In stock,The Midnight Watch: A ...
£33.26,Two,In stock,The Lonely City: Adventures ...
£59.15,Four,In stock,The Gray Rhino: How ...
£39.43,One,In stock,The Golden Condom: And ...
£14.44,Five,In stock,The Epidemic (The Program ...
£56.54,Two,In stock,The Dinner Party
£59.90,Three,In stock,The Diary of a ...
£11.88,Three,In stock,The Children
£48.05,Two,In stock,Stars Above (The Lunar ...
£21.21,Three,In stock,Snatched: How A Drug ...
£49.67,Four,In stock,Raspberry Pi Electronics Projects ...
£43.14,One,In stock,Quench Your Own Thirst: ...
£36.97,Five,In stock,Psycho: Sanitarium (Psycho #1.5)
£26.80,Three,In stock,Poisonous (Max Revere Novels ...
£15.71,Four,In stock,One with You (Crossfire ...
£54.65,Four,In stock,No Love Allowed (Dodge ...
£54.36,Four,In stock,Murder at the 42nd ...
£35.28,Three,In stock,Most Wanted
£20.55,Two,In stock,"Love, Lies and Spies"
£58.32,Five,In stock,How to Speak Golf: ...
£11.84,One,In stock,Hide Away (Eve Duncan ...
£41.46,Four,In stock,Furiously Happy: A Funny ...
£20.10,Five,In stock,Everyday Italian: 125 Simple ...
£56.86,One,In stock,Equal Is Unfair: America's ...
£56.51,Five,In stock,Eleanor & Park
£40.83,Four,In stock,Dirty (Dive Bar #1)
£48.64,One,In stock,Can You Keep a ...
£59.48,Three,In stock,Boar Island (Anna Pigeon ...
£39.01,Four,In stock,A Paris Apartment
£38.77,One,In stock,A la Mode: 120 ...
£48.39,Two,In stock,Troublemaker: Surviving Hollywood and ...
£27.26,Two,In stock,The Widow
£11.68,Four,In stock,The Sleep Revolution: Transforming ...
£59.45,One,In stock,The Improbability of Love
£21.00,Three,In stock,The Art of Startup ...
£53.98,Three,In stock,Take Me Home Tonight ...
£48.74,One,In stock,Sleeping Giants (Themis Files ...
£21.15,Two,In stock,Setting the World on ...
£13.71,Three,In stock,Playing with Fire
£47.67,Three,In stock,Off the Hook (Fishing ...
£13.34,Two,In stock,Mothering Sunday
£16.89,Five,In stock,"Mother, Can You Not?"
£27.18,One,In stock,M Train
£17.28,Two,In stock,Lilac Girls
£45.14,One,In stock,Lies and Other Acts ...
£40.85,One,In stock,Lab Girl
£20.46,Four,In stock,Keep Me Posted
£56.27,Three,In stock,It Didn't Start with ...
£48.49,Four,In stock,Grey (Fifty Shades #4)
£51.34,Four,In stock,"Exit, Pursued by a ..."
£16.34,Three,In stock,Daredevils
£20.50,Three,In stock,Cravings: Recipes for What ...
£21.59,Five,In stock,Born for This: How ...
£21.36,Four,In stock,Arena
£20.88,Five,In stock,Adultery
£19.53,Three,In stock,A Mother's Reckoning: Living ...
£14.75,Five,In stock,A Gentleman's Position (Society ...
£48.48,Three,In stock,11/22/63
£24.57,Two,In stock,10% Happier: How I ...
£49.71,Five,In stock,10-Day Green Smoothie Cleanse: ...
£48.27,Five,In stock,Without Shame
£58.05,Four,In stock,Watchmen
£58.87,Four,In stock,Unlimited Intuition Now
£11.82,Two,In stock,Underlying Notes
£28.03,One,In stock,The Shack
£44.05,Five,In stock,The New Brand You: ...
£12.34,Four,In stock,The Moosewood Cookbook: Recipes ...
£16.68,Two,In stock,The Flowers Lied
£55.91,One,In stock,The Fabric of the ...
£24.57,Three,In stock,The Book of Mormon
£52.98,Five,In stock,The Art and Science ...
£54.40,One,In stock,The Alien Club
£54.81,Five,In stock,Suzie Snowflake: One beautiful ...
£25.08,One,In stock,Nap-a-Roo
£10.41,Four,In stock,NaNo What Now? Finding ...
£47.44,Two,In stock,Modern Day Fables
£20.91,One,In stock,If I Gave You ...
£33.95,Four,In stock,"Fruits Basket, Vol. 9 ..."
£43.68,Three,In stock,Dress Your Family in ...
£33.23,One,In stock,Don't Forget Steven
£35.92,Two,In stock,Chernobyl 01:23:40: The Incredible ...
£48.63,Four,In stock,Art and Fear: Observations ...
£56.63,Three,In stock,A Shard of Ice ...
£50.49,Three,In stock,A Hero's Curse (The ...
£35.79,Two,In stock,23 Degrees South: A ...
£34.06,Three,In stock,Zero to One: Notes ...
£17.76,One,In stock,Why Not Me?
£39.36,Two,In stock,When Breath Becomes Air
£36.94,Two,In stock,Vagabonding: An Uncommon Guide ...
£43.62,Five,In stock,The Unlikely Pilgrimage of ...
£43.02,Three,In stock,The New Drawing on ...
£28.45,Four,In stock,"The Midnight Assassin: Panic, ..."
£41.39,Two,In stock,The Martian (The Martian ...
£51.15,One,In stock,The High Mountains of ...
£35.88,One,In stock,The Grownup
£36.91,One,In stock,The E-Myth Revisited: Why ...
£28.93,One,In stock,South of Sunshine
£38.89,Five,In stock,Smarter Faster Better: The ...
£58.33,Three,In stock,Silence in the Dark ...
£39.67,Five,In stock,Shadows of the Past ...
£14.10,Five,In stock,Roller Girl
£21.82,Three,In stock,Rising Strong
£54.21,One,In stock,Proofs of God: Classical ...
£31.19,Four,In stock,Please Kill Me: The ...
£53.64,Five,In stock,Out of Print: City ...
£36.39,Five,In stock,My Life Next Door ...
£58.54,Two,In stock,Miller's Valley
£29.48,Three,In stock,Man's Search for Meaning
£25.06,Two,In stock,Love That Boy: What ...
£12.55,Three,In stock,Living Forward: A Proven ...
£29.04,Five,In stock,Les Fleurs du Mal
£40.72,Two,In stock,Left Behind (Left Behind ...
£45.05,Five,In stock,Kill 'Em and Leave: ...
£47.13,One,In stock,Kierkegaard: A Christian Missionary ...
£20.22,Four,In stock,John Vassos: Industrial Design ...
£56.48,One,In stock,I'll Give You the ...
£44.21,One,In stock,I Will Find You
£21.96,Four,In stock,Hystopia: A Novel
£40.45,Two,In stock,Howl and Other Poems
£10.29,Four,In stock,History of Beauty
£52.86,Two,In stock,Heaven is for Real: ...
£55.65,Five,In stock,Future Shock (Future Shock ...
£43.64,One,In stock,Ender's Game (The Ender ...
£28.41,One,In stock,Diary of a Citizen ...
£37.51,Four,In stock,Death by Leisure: A ...
£11.45,Three,In stock,Brilliant Beacons: A History ...
£19.22,Two,In stock,Brazen: The Courage to ...
£56.91,Four,In stock,Between the World and ...
£55.06,Four,In stock,Being Mortal: Medicine and ...
£13.20,Three,In stock,A Murder Over a ...
£53.63,Two,In stock,32 Yolks
£44.48,Five,In stock,"""Most Blessed of the ..."
£12.08,Three,In stock,You Are a Badass: ...
£22.14,Two,In stock,Wildlife of New York: ...
£25.37,Five,In stock,What Happened on Beale ...
£46.33,Two,In stock,Unreasonable Hope: Finding Faith ...
£37.33,Three,In stock,Under the Tuscan Sun
£25.55,One,In stock,Toddlers Are A**holes: It's ...
£34.72,One,In stock,The Year of Living ...
£35.96,Four,In stock,The Whale
£41.14,Four,In stock,The Story of Art
£10.01,Four,In stock,The Origin of Species
£36.05,Four,In stock,The Great Gatsby
£49.03,Three,In stock,The Good Girl
£16.24,One,In stock,The Glass Castle
£39.55,One,In stock,The Faith of Christopher ...
£35.67,Three,In stock,The Drowning Girls
£16.62,Three,In stock,The Constant Princess (The ...
£42.78,Four,In stock,The Bourne Identity (Jason ...
£52.30,Five,In stock,The Bachelor Girl's Guide ...
£32.34,Two,In stock,The Art Book
£33.17,Four,In stock,The 7 Habits of ...
£20.12,Five,In stock,Team of Rivals: The ...
£20.90,Two,In stock,Steal Like an Artist: ...
£20.90,Three,In stock,"Sit, Stay, Love"
£40.20,Four,In stock,Sister Dear
£52.87,Three,In stock,"Shrunken Treasures: Literary Classics, ..."
£51.74,One,In stock,"Rich Dad, Poor Dad"
£34.41,Two,In stock,Raymie Nightingale
£32.38,One,In stock,Playing from the Heart
£50.35,Four,In stock,Nightstruck: A Novel
£11.38,Five,In stock,Naturally Lean: 125 Nourishing ...
£43.58,Three,In stock,Meternity
£49.67,Three,In stock,Memoirs of a Geisha
£28.77,Two,In stock,Like Never Before (Walker ...
£13.22,Four,In stock,Life of Pi
£51.17,Five,In stock,Leave This Song Behind: ...
£39.61,Five,In stock,King's Folly (The Kinsman ...
£57.43,Four,In stock,John Adams
£46.01,Four,In stock,How to Cook Everything ...
£28.25,Two,In stock,How to Be a ...
£37.05,Five,In stock,Good in Bed (Cannie ...
£19.57,One,In stock,"Fruits Basket, Vol. 7 ..."
£45.13,Three,In stock,For the Love: Fighting ...
£46.64,Two,In stock,Finding God in the ...
£12.16,Five,In stock,Every Heart a Doorway ...
£20.89,Four,In stock,Delivering the Truth (Quaker ...
£17.97,Five,In stock,Counted With the Stars ...
£52.60,Two,In stock,"Chronicles, Vol. 1"
£25.77,One,In stock,Blue Like Jazz: Nonreligious ...
£48.19,Three,In stock,Benjamin Franklin: An American ...
£29.93,Five,In stock,At The Existentialist Café: ...
£44.34,Two,In stock,A Summer In Europe
£52.40,Five,In stock,A Short History of ...
£44.81,Four,In stock,A Gathering of Shadows ...
£57.84,Five,In stock,The Sound Of Love
£39.67,Two,In stock,The Rise and Fall ...
£55.02,Three,In stock,The Perks of Being ...
£24.80,Four,In stock,The Mysterious Affair at ...
£59.45,Four,In stock,The Man Who Mistook ...
£31.58,Two,In stock,The Makings of a ...
£43.27,Four,In stock,The Joy of Cooking
£37.34,One,In stock,The Invention of Wings
£17.80,Five,In stock,The Hobbit (Middle-Earth Universe)
£30.54,One,In stock,The Great Railway Bazaar
£18.77,One,In stock,The Golden Compass (His ...
£46.85,Three,In stock,The God Delusion
£15.79,One,In stock,The Girl You Left ...
£10.27,Two,In stock,The Fellowship of the ...
£15.42,Five,In stock,The Collected Poems of ...
£59.92,Five,In stock,The Barefoot Contessa Cookbook
£50.96,Two,In stock,Tell the Wolves I'm ...
£30.60,Three,In stock,Ship Leaves Harbor: Essays ...
£19.27,Four,In stock,Pride and Prejudice
£46.58,One,In stock,Musicophilia: Tales of Music ...
£48.51,Three,In stock,Mere Christianity
£19.02,One,In stock,Me Before You (Me ...
£38.38,Two,In stock,In the Woods (Dublin ...
£49.98,Four,In stock,In Cold Blood
£46.49,Five,In stock,How to Stop Worrying ...
£18.32,Two,In stock,Give It Back
£42.14,Three,In stock,"Girl, Interrupted"
£56.59,Four,In stock,Fun Home: A Family ...
£20.96,Four,In stock,"Fruits Basket, Vol. 6 ..."
£40.32,Four,In stock,Deception Point
£36.39,Three,In stock,"Death Note, Vol. 6: ..."
£58.55,Four,In stock,Catherine the Great: Portrait ...
£39.61,Three,In stock,Better Homes and Gardens ...
£21.30,Three,In stock,An Unquiet Mind: A ...
£56.88,Four,In stock,A Year in Provence ...
£32.97,Four,In stock,World Without End (The ...
£47.31,Four,In stock,"Will Grayson, Will Grayson ..."
£48.67,Two,In stock,Why Save the Bankers?: ...
£41.73,Four,In stock,Where She Went (If ...
£53.68,Four,In stock,What If?: Serious Scientific ...
£14.64,One,In stock,Two Summers
£38.40,One,In stock,This Is Your Brain ...
£15.08,Four,In stock,The Secret Garden
£30.57,Two,In stock,The Raven King (The ...
£57.74,Four,In stock,The Raven Boys (The ...
£11.05,Five,In stock,The Power Greens Cookbook: ...
£28.58,One,In stock,The Metamorphosis
£42.91,Five,In stock,The Mathews Men: Seven ...
£24.73,Three,In stock,The Little Paris Bookshop
£55.91,Four,In stock,The Hiding Place
£13.76,Three,In stock,The Grand Design
£45.56,Three,In stock,The Firm
£47.22,One,In stock,The Fault in Our ...
£56.00,Five,In stock,The False Prince (The ...
£44.58,Two,In stock,The Expatriates
£34.50,One,In stock,The Dream Thieves (The ...
£11.33,Five,In stock,The Darkest Corners
£38.77,Four,In stock,The Crossover
£11.83,Two,In stock,The 5th Wave (The ...
£45.51,Three,In stock,Tell the Wind and ...
£41.81,One,In stock,Tell Me Three Things
£25.15,Four,In stock,Talking to Girls About ...
£34.22,Five,In stock,Siddhartha
£16.23,Five,In stock,Shiver (The Wolves of ...
£11.48,Three,In stock,Remember Me?
£23.37,Three,In stock,Red Dragon (Hannibal Lecter ...
£16.28,Two,In stock,Peak: Secrets from the ...
£31.63,Four,In stock,My Mother Was Nuts
£24.91,Five,In stock,Mexican Today: New and ...
£22.54,One,In stock,Maybe Something Beautiful: How ...
£23.63,Four,In stock,Lola and the Boy ...
£13.12,Two,In stock,Logan Kade (Fallen Crest ...
£59.98,Three,In stock,Last One Home (New ...
£31.49,Four,In stock,Killing Floor (Jack Reacher ...
£15.52,Five,In stock,Kill the Boy Band
£48.13,Five,In stock,Isla and the Happily ...
£38.13,Five,In stock,If I Stay (If ...
£36.55,Two,In stock,I Know Why the ...
£23.32,One,In stock,Harry Potter and the ...
£16.33,One,In stock,"Fruits Basket, Vol. 5 ..."
£32.42,One,In stock,Foundation (Foundation (Publication Order) ...
£16.96,One,In stock,Fool Me Once
£22.37,One,In stock,Find Her (Detective D.D. ...
£42.27,One,In stock,Evicted: Poverty and Profit ...
£38.70,Two,In stock,Drama
£35.63,Five,In stock,Dracula the Un-Dead
£58.00,Five,In stock,Digital Fortress
£52.41,One,In stock,"Death Note, Vol. 5: ..."
£32.35,Three,In stock,"Data, A Love Story: ..."
£20.75,One,In stock,Critique of Pure Reason
£17.49,Five,In stock,Booked
£34.13,Five,In stock,"Blue Lily, Lily Blue ..."
£58.81,Five,In stock,Approval Junkie: Adventures in ...
£10.00,Five,In stock,An Abundance of Katherines
£51.22,Two,In stock,America's War for the ...
£58.59,Four,In stock,Alight (The Generations Trilogy ...
£31.30,One,In stock,A Girl's Guide to ...
£46.42,Two,In stock,A Game of Thrones ...
£17.21,Four,In stock,A Feast for Crows ...
£10.79,Three,In stock,A Clash of Kings ...
£52.35,Four,In stock,Vogue Colors A to ...
£27.88,Three,In stock,The Shining (The Shining ...
£50.26,Two,In stock,The Pilgrim's Progress
£59.99,Three,In stock,The Perfect Play (Play ...
£28.32,Five,In stock,The Passion of Dolssa
£38.71,Three,In stock,The Jazz of Physics: ...
£29.85,Five,In stock,The Hunger Games (The ...
£14.82,Two,In stock,The Hound of the ...
£16.81,Four,In stock,The Gunning of America: ...
£28.23,Two,In stock,The Geography of Bliss: ...
£52.11,Two,In stock,The Demonists (Demonist #1)
£27.88,Two,In stock,The Demon Prince of ...
£59.71,Three,In stock,The Bone Hunters (Lexy ...
£46.08,Five,In stock,The Beast (Black Dagger ...
£13.73,Five,In stock,Some Women
£48.39,Five,In stock,Shopaholic Ties the Knot ...
£49.45,Five,In stock,Paper and Fire (The ...
£19.67,Five,In stock,Outlander (Outlander #1)
£12.36,Three,In stock,Orchestra of Exiles: The ...
£20.02,Five,In stock,No One Here Gets ...
£12.75,Four,In stock,Night Shift (Night Shift ...
£47.51,Four,In stock,Needful Things
£20.44,Four,In stock,Mockingjay (The Hunger Games ...
£34.79,Two,In stock,Misery
£28.07,Four,In stock,Little Women (Little Women ...
£25.01,Three,In stock,It
£13.90,Three,In stock,Harry Potter and the ...
£24.17,Four,In stock,Harry Potter and the ...
£31.63,Four,In stock,Harry Potter and the ...
£48.75,Five,In stock,Harry Potter and the ...
£14.74,One,In stock,Harry Potter and the ...
£32.49,Three,In stock,Gone with the Wind
£27.80,One,In stock,God Is Not Great: ...
£26.77,One,In stock,Girl With a Pearl ...
£50.44,Four,In stock,"Fruits Basket, Vol. 4 ..."
£34.93,Two,In stock,Far From True (Promise ...
£12.87,One,In stock,Dark Lover (Black Dagger ...
£48.94,Two,In stock,Confessions of a Shopaholic ...
£13.38,Three,In stock,Changing the Game (Play ...
£58.63,Three,In stock,Candide
£21.94,One,In stock,Can You Keep a ...
£26.58,Five,In stock,Atlas Shrugged
£57.22,Three,In stock,Animal Farm
£56.43,One,In stock,A Walk to Remember
£55.65,Five,In stock,A New Earth: Awakening ...
£27.62,One,In stock,A History of God: ...
£49.56,Four,In stock,'Salem's Lot
£34.77,One,In stock,Zero History (Blue Ant ...
£17.73,Three,In stock,Wuthering Heights
£21.80,One,In stock,World War Z: An ...
£46.02,Three,In stock,Wild: From Lost to ...
£18.13,One,In stock,"Where'd You Go, Bernadette"
£30.89,Five,In stock,When You Are Engulfed ...
£31.95,Three,In stock,We the People: The ...
£24.04,One,In stock,We Are All Completely ...
£32.36,Three,In stock,Walk the Edge (Thunder ...
£21.07,Five,In stock,Voyager (Outlander #3)
£50.66,Three,In stock,Very Good Lives: The ...
£13.66,Two,In stock,Vegan Vegetarian Omnivore: Dinner ...
£58.09,One,In stock,"Unstuffed: Decluttering Your Home, ..."
£30.00,One,In stock,Under the Banner of ...
£32.74,Two,In stock,Two Boys Kissing
£41.93,Two,In stock,Twilight (Twilight #1)
£42.80,Two,In stock,Twenties Girl
£53.51,One,In stock,Trespassing Across America: One ...
£23.21,Three,In stock,Three-Martini Lunch
£21.14,One,In stock,"Thinking, Fast and Slow"
£56.07,Three,In stock,The Wild Robot
£14.41,Three,In stock,The Wicked + The ...
£45.75,Four,In stock,The Undomestic Goddess
£15.77,One,In stock,The Travelers
£10.02,Two,In stock,The Tipping Point: How ...
£48.77,One,In stock,The Thing About Jellyfish
£57.86,Two,In stock,The Stand
£23.59,One,In stock,The Smitten Kitchen Cookbook
£23.05,Five,In stock,The Silkworm (Cormoran Strike ...
£55.55,Five,In stock,"The Sandman, Vol. 3: ..."
£58.64,Four,In stock,The Rose & the ...
£23.21,One,In stock,The Road to Little ...
£42.57,Three,In stock,The Rise of Theodore ...
£10.92,One,In stock,The Restaurant at the ...
£34.77,One,In stock,The Rest Is Noise: ...
£35.66,Five,In stock,The Red Tent
£37.19,Three,In stock,The Purpose Driven Life: ...
£12.25,One,In stock,The Purest Hook (Second ...
£29.70,Two,In stock,The Picture of Dorian ...
£36.80,Three,In stock,The Paris Wife
£45.43,One,In stock,The Obsession
£26.26,Four,In stock,The Nightingale
£44.92,Three,In stock,The New Guy (and ...
£52.53,Five,In stock,The Nanny Diaries (Nanny ...
£37.25,Two,In stock,The Name of God ...
£20.93,One,In stock,The Maze Runner (The ...
£58.09,Two,In stock,The Lover's Dictionary
£43.59,Five,In stock,The Lonely Ones
£33.92,Three,In stock,The Lean Startup: How ...
£55.55,Two,In stock,The Last Painting of ...
£29.64,Four,In stock,"The Land of 10,000 ..."
£27.41,One,In stock,The Infinities
£52.51,Five,In stock,The Husband's Secret
£47.80,Three,In stock,The Hitchhiker's Guide to ...
£14.54,Two,In stock,The Guns of August
£49.53,One,In stock,The Guernsey Literary and ...
£43.58,Three,In stock,The Goldfinch
£12.30,One,In stock,The Giver (The Giver ...
£49.47,Three,In stock,The Girl with All ...
£22.14,Two,In stock,The Girl Who Played ...
£57.48,One,In stock,The Girl Who Kicked ...
£43.45,Three,In stock,The Exiled
£22.13,Four,In stock,The End of Faith: ...
£13.03,Four,In stock,"The Elegant Universe: Superstrings, ..."
£57.35,Five,In stock,The Disappearing Spoon: And ...
£44.29,One,In stock,The Devil Wears Prada ...
£52.25,Four,In stock,The Demon-Haunted World: Science ...
£26.33,Five,In stock,The Day the Crayons ...
£22.96,Two,In stock,The Da Vinci Code ...
£19.21,One,In stock,The Cuckoo's Calling (Cormoran ...
£26.78,Four,In stock,The Complete Stories and ...
£41.32,Five,In stock,The Complete Poems
£24.55,One,In stock,The Catcher in the ...
£16.26,Two,In stock,The Cat in the ...
£47.84,One,In stock,The Case for Christ ...
£53.49,Two,In stock,The Book Thief
£44.84,Five,In stock,The Book of Basketball: ...
£53.71,Five,In stock,The Blind Side: Evolution ...
£23.43,Two,In stock,The Autobiography of Malcolm ...
£34.32,Three,In stock,The Art of Simple ...
£22.10,One,In stock,The Art of Fielding
£25.83,Two,In stock,"Surely You're Joking, Mr. ..."
£36.74,Three,In stock,Stiff: The Curious Lives ...
£49.51,One,In stock,Spilled Milk: Based on ...
£48.96,Five,In stock,Something Borrowed (Darcy & ...
£54.62,One,In stock,Something Blue (Darcy & ...
£24.72,Two,In stock,Soldier (Talon #3)
£46.45,Two,In stock,Shopaholic & Baby (Shopaholic ...
£52.33,Two,In stock,Seven Days in the ...
£30.60,Four,In stock,Seven Brief Lessons on ...
£14.57,Four,In stock,Scarlet (The Lunar Chronicles ...
£46.29,One,In stock,Sarah's Key
£21.57,Five,In stock,"Saga, Volume 3 (Saga ..."
£12.91,Four,In stock,Running with Scissors
£50.11,Three,In stock,Rogue Lawyer (Rogue Lawyer ...
£41.67,Four,In stock,Rise of the Rocket ...
£44.88,Two,In stock,Rework
£11.10,Three,In stock,Reservations for Two
£28.54,Three,In stock,Red: The True Story ...
£19.07,Four,In stock,Ready Player One
£43.55,One,In stock,Quiet: The Power of ...
£43.63,Three,In stock,Prodigy: The Graphic Novel ...
£39.13,One,In stock,Persepolis: The Story of ...
£56.68,Two,In stock,Packing for Mars: The ...
£14.16,One,In stock,Outliers: The Story of ...
£31.45,Three,In stock,Original Fake
£24.61,Two,In stock,Orange Is the New ...
£32.87,Two,In stock,One for the Money ...
£40.17,One,In stock,Notes from a Small ...
£13.51,One,In stock,Night (The Night Trilogy ...
£38.95,Three,In stock,Neither Here nor There: ...
£31.69,Three,In stock,Naked
£29.40,One,In stock,Morning Star (Red Rising ...
£57.83,One,In stock,Miracles from Heaven: A ...
£55.46,Two,In stock,Midnight Riot (Peter Grant/ ...
£57.60,Two,In stock,Me Talk Pretty One ...
£34.98,Two,In stock,Manuscript Found in Accra
£11.87,Two,In stock,Lust & Wonder
£12.47,Three,In stock,Lila (Gilead #3)
£33.26,Two,In stock,"Life, the Universe and ..."
£59.04,Five,In stock,Life Without a Recipe
£26.13,Two,In stock,Life After Life
£22.20,One,In stock,Letter to a Christian ...
£45.11,One,In stock,Let's Pretend This Never ...
£43.69,Four,In stock,Legend (Legend #1)
£25.02,One,In stock,"Lean In: Women, Work, ..."
£55.50,Five,In stock,Lamb: The Gospel According ...
£53.04,Five,In stock,Lady Renegades (Rebel Belle ...
£44.97,One,In stock,Jurassic Park (Jurassic Park ...
£42.38,One,In stock,It's Never Too Late ...
£20.11,Three,In stock,Is Everyone Hanging Out ...
£56.70,Five,In stock,Into the Wild
£41.00,Five,In stock,Inferno (Robert Langdon #4)
£28.85,Three,In stock,In the Garden of ...
£49.97,Four,In stock,If I Run (If ...
£19.69,One,In stock,I've Got Your Number
£28.88,Two,In stock,I Am Malala: The ...
£33.14,Three,In stock,Hungry Girl Clean & ...
£43.70,Two,In stock,House of Lost Worlds: ...
£54.89,One,In stock,House of Leaves
£37.52,Two,In stock,Horrible Bear!
£51.07,Two,In stock,Holidays on Ice
£44.07,Four,In stock,Heir to the Sky
£10.79,Four,In stock,Green Eggs and Ham ...
£42.72,One,In stock,"Grayson, Vol 3: Nemesis ..."
£26.66,Five,In stock,Gratitude
£37.60,Five,In stock,Gone Girl
£42.21,Four,In stock,Golden (Heart of Dread ...
£46.83,Two,In stock,Girl in the Blue ...
£45.17,Two,In stock,"Fruits Basket, Vol. 3 ..."
£51.22,Three,In stock,Friday Night Lights: A ...
£21.28,Four,In stock,Fire Bound (Sea Haven/Sisters ...
£15.36,Five,In stock,Fifty Shades Freed (Fifty ...
£38.62,One,In stock,Fellside
£25.40,Three,In stock,Extreme Prey (Lucas Davenport ...
£43.87,Three,In stock,Eragon (The Inheritance Cycle ...
£18.74,One,In stock,Eclipse (Twilight #3)
£54.86,One,In stock,Dune (Dune #1)
£52.62,Three,In stock,Dracula
£51.48,One,In stock,Do Androids Dream of ...
£15.28,Five,In stock,Disrupted: My Misadventure in ...
£39.24,Five,In stock,Dead Wake: The Last ...
£17.81,One,In stock,"David and Goliath: Underdogs, ..."
£56.02,One,In stock,Darkfever (Fever #1)
£23.90,Five,In stock,Dark Places
£49.13,Five,In stock,Crazy Rich Asians (Crazy ...
£10.62,One,In stock,Counting Thyme
£36.17,Two,In stock,Cosmos
£59.95,Two,In stock,Civilization and Its Discontents
£26.09,One,In stock,Cinder (The Lunar Chronicles ...
£37.35,Two,In stock,Catastrophic Happiness: Finding Joy ...
£24.72,Two,In stock,Career of Evil (Cormoran ...
£35.28,Five,In stock,Breaking Dawn (Twilight #4)
£51.32,Five,In stock,Brave Enough
£21.12,Three,In stock,Boy Meets Boy
£27.35,Two,In stock,Born to Run: A ...
£21.74,Five,In stock,Blink: The Power of ...
£40.87,One,In stock,Black Flags: The Rise ...
£49.31,One,In stock,"Black Butler, Vol. 1 ..."
£22.11,One,In stock,Big Little Lies
£20.79,Five,In stock,Between Shades of Gray
£27.41,Two,In stock,Best of My Love ...
£38.35,Two,In stock,Beowulf
£21.55,Five,In stock,Beautiful Creatures (Caster Chronicles ...
£38.02,Two,In stock,Awkward
£22.06,Four,In stock,Ash
£10.66,Three,In stock,Are We There Yet?
£56.58,One,In stock,Are We Smart Enough ...
£36.83,Five,In stock,Annie on My Mind
£35.01,Two,In stock,And Then There Were ...
£30.48,Four,In stock,A Walk in the ...
£14.08,Five,In stock,A Visit from the ...
£31.22,Two,In stock,A Storm of Swords ...
£54.29,Five,In stock,A Heartbreaking Work of ...
£31.04,One,In stock,8 Keys to Mental ...
£50.96,One,In stock,#GIRLBOSS
£11.89,Two,In stock,The Suffragettes (Little Black ...
£31.38,Three,In stock,The Sense of an ...
£54.81,One,In stock,"The Sandman, Vol. 2: ..."
£16.78,Three,In stock,The Course of Love
£24.42,One,In stock,Sugar Rush (Offensive Line ...
£11.75,Three,In stock,"Saga, Volume 2 (Saga ..."
£20.02,One,In stock,"Run, Spot, Run: The ..."
£12.86,Four,In stock,New Moon (Twilight #2)
£31.58,Five,In stock,Life
£34.00,Three,In stock,Kindle Paperwhite User's Guide
£57.42,Five,In stock,H is for Hawk
£53.47,One,In stock,Girl Online On Tour ...
£11.64,Five,In stock,"Fruits Basket, Vol. 2 ..."
£52.88,Four,In stock,Diary of a Minecraft ...
£18.51,Four,In stock,"Y: The Last Man, ..."
£41.32,Five,In stock,While You Were Mine
£39.77,Three,In stock,Where Lightning Strikes (Bleeding ...
£51.96,Three,In stock,When I'm Gone
£39.51,Five,In stock,Ways of Seeing
£15.40,One,In stock,"Vampire Knight, Vol. 1 ..."
£53.82,Two,In stock,Vampire Girl (Vampire Girl ...
£30.95,Four,In stock,Twenty Love Poems and ...
£57.82,Five,In stock,Travels with Charley: In ...
£44.18,Two,In stock,Three Wishes (River of ...
£48.71,One,In stock,This One Moment (Pushing ...
£19.69,Five,In stock,The Zombie Room
£36.52,Two,In stock,The Wicked + The ...
£41.56,Five,In stock,The Tumor
£43.19,Four,In stock,The Story of Hong ...
£12.34,Five,In stock,The Silent Wife
£36.25,Three,In stock,The Silent Twin (Detective ...
£29.45,One,In stock,The Selfish Gene
£34.56,Three,In stock,The Secret Healer
£54.12,Three,In stock,"The Sandman, Vol. 1: ..."
£33.78,Three,In stock,The Republic
£29.64,Three,In stock,The Odyssey
£57.70,Four,In stock,The No. 1 Ladies' ...
£36.34,One,In stock,The Nicomachean Ethics
£50.59,Three,In stock,The Name of the ...
£29.38,One,In stock,The Mirror & the ...
£45.42,Two,In stock,The Little Prince
£54.43,One,In stock,The Light of the ...
£36.26,Two,In stock,The Last Girl (The ...
£16.16,One,In stock,The Iliad
£36.29,Five,In stock,The Hook Up (Game ...
£27.89,Five,In stock,The Haters
£12.29,Five,In stock,The Girl You Lost
£15.85,Three,In stock,The Girl In The ...
£14.40,One,In stock,The End of the ...
£19.18,Four,In stock,The Edge of Reason ...
£10.64,Three,In stock,The Complete Maus (Maus ...
£14.76,Three,In stock,The Communist Manifesto
£57.49,Three,In stock,The Bhagavad Gita
£30.66,Three,In stock,The Bette Davis Club
£40.83,Four,In stock,The Art of Not ...
£18.88,Two,In stock,Taking Shots (Assassins #1)
£25.83,Three,In stock,Starlark
£42.12,Three,In stock,"Skip Beat!, Vol. 01 ..."
£13.33,Three,In stock,Sister Sable (The Mad ...
£42.40,One,In stock,Shatter Me (Shatter Me ...
£58.35,Three,In stock,Shameless
£21.72,Four,In stock,Shadow Rites (Jane Yellowrock ...
£44.91,Two,In stock,Settling the Score (The ...
£37.46,One,In stock,Sense and Sensibility
£28.48,One,In stock,"Saga, Volume 1 (Saga ..."
£28.34,Two,In stock,"Rhythm, Chord & Malykhin"
£46.96,Five,In stock,"Rat Queens, Vol. 1: ..."
£24.96,One,In stock,Paradise Lost (Paradise #1)
£21.71,Four,In stock,"Paper Girls, Vol. 1 ..."
£29.87,Three,In stock,Ouran High School Host ...
£28.99,One,In stock,Origins (Alphas 0.5)
£52.94,Two,In stock,One Second (Seven #7)
£32.36,Three,In stock,On the Road (Duluoz ...
£55.66,Two,In stock,Old Records Never Die: ...
£39.45,Five,In stock,Off Sides (Off #1)
£47.11,Two,In stock,Of Mice and Men
£58.75,Four,In stock,Myriad (Prentor #1)
£38.92,Two,In stock,My Perfect Mistake (Over ...
£39.39,Four,In stock,"Ms. Marvel, Vol. 1: ..."
£25.89,Two,In stock,Meditations
£28.34,One,In stock,Matilda
£27.70,Four,In stock,Lost Among the Living
£24.89,Three,In stock,Lord of the Flies
£58.99,Three,In stock,Listen to Me (Fusion ...
£57.20,Five,In stock,Kitchens of the Great ...
£38.43,Five,In stock,Jane Eyre
£34.74,Four,In stock,Imperfect Harmony
£40.44,Four,In stock,Icing (Aces Hockey #2)
£45.24,Three,In stock,"Hawkeye, Vol. 1: My ..."
£34.96,Four,In stock,Having the Barbarian's Baby ...
£56.76,Four,In stock,"Giant Days, Vol. 1 ..."
£40.28,Five,In stock,"Fruits Basket, Vol. 1 ..."
£38.00,Two,In stock,Frankenstein
£28.80,Three,In stock,Forever Rockers (The Rocker ...
£39.24,Three,In stock,Fighting Fate (Fighting #6)
£32.93,Two,In stock,Emma
£51.32,Three,In stock,"Eat, Pray, Love"
£47.09,Five,In stock,Deep Under (Walker Security ...
£28.42,Four,In stock,Choosing Our Religion: The ...
£22.85,Three,In stock,Charlie and the Chocolate ...
£41.24,One,In stock,Charity's Cross (Charles Towne ...
£39.07,Five,In stock,Bright Lines
£29.82,One,In stock,Bridget Jones's Diary (Bridget ...
£37.26,Four,In stock,Bounty (Colorado Mountain #7)
£20.30,Three,In stock,Blood Defense (Samantha Brinkman ...
£34.65,Five,In stock,"Bleach, Vol. 1: Strawberry ..."
£43.38,One,In stock,Beyond Good and Evil
£55.53,One,In stock,Alice in Wonderland (Alice's ...
£57.06,Four,In stock,"Ajin: Demi-Human, Volume 1 ..."
£16.97,Five,In stock,A Spy's Devotion (The ...
£53.98,One,In stock,1st to Die (Women's ...
£26.08,Five,In stock,"1,000 Places to See ..."
